City_ID,City,Country,Date,Lat,Lng,Max Temp,Humidity,Cloudiness,Wind Speed
0,Souillac,MU,2020-10-23 16:50:14,-20.52,57.52,75.2,69,40,11.41
1,Ushuaia,AR,2020-10-23 16:50:14,-54.8,-68.3,48.2,53,20,18.34
2,Busselton,AU,2020-10-23 16:50:14,-33.65,115.33,55.99,40,0,13.4
3,Bredasdorp,ZA,2020-10-23 16:50:15,-34.53,20.04,72.0,79,41,4.0
4,Norman Wells,CA,2020-10-23 16:48:35,65.28,-126.83,21.2,92,90,4.7
5,Zhangjiakou,CN,2020-10-23 16:50:15,40.81,114.88,40.14,58,0,2.24
6,New Norfolk,AU,2020-10-23 16:50:15,-42.78,147.06,54.0,79,100,1.01
7,Castro,BR,2020-10-23 16:50:15,-24.79,-50.01,76.82,56,49,5.86
8,Vao,NC,2020-10-23 16:50:16,-22.67,167.48,73.54,86,6,17.16
9,Cape Town,ZA,2020-10-23 16:48:35,-33.93,18.42,66.99,88,75,11.41
10,Upernavik,GL,2020-10-23 16:50:16,72.79,-56.15,21.42,96,100,8.48
11,Hobart,AU,2020-10-23 16:50:16,-42.88,147.33,54.0,81,90,2.53
12,Rikitea,PF,2020-10-23 16:50:16,-23.12,-134.97,73.81,79,39,4.61
13,Mataura,NZ,2020-10-23 16:50:16,-46.19,168.86,45.36,91,86,3.33
14,Chuy,UY,2020-10-23 16:50:16,-33.7,-53.46,70.32,82,99,2.84
15,Tarata,BO,2020-10-23 16:50:17,-17.62,-66.02,78.8,21,20,4.7
16,Taoudenni,ML,2020-10-23 16:50:17,22.68,-3.98,100.54,8,0,3.69
17,Isangel,VU,2020-10-23 16:50:17,-19.55,169.27,74.97,83,96,11.05
18,Cherskiy,RU,2020-10-23 16:50:17,68.75,161.3,17.83,94,81,5.03
19,Daru,PG,2020-10-23 16:48:36,-9.08,143.21,79.18,81,50,10.38
20,Ostrovnoy,RU,2020-10-23 16:50:17,68.05,39.51,30.2,98,100,10.4
21,Khatanga,RU,2020-10-23 16:50:17,71.97,102.5,6.91,95,100,6.04
22,Ilulissat,GL,2020-10-23 16:50:18,69.22,-51.1,21.2,67,75,5.82
23,Vanavara,RU,2020-10-23 16:50:18,60.34,102.28,27.3,97,80,5.97
24,Asau,RO,2020-10-23 16:50:18,46.43,26.4,55.99,70,48,5.57
25,Lipin Bor,RU,2020-10-23 16:50:18,60.26,37.98,46.67,93,100,13.85
26,Usinsk,RU,2020-10-23 16:50:18,65.99,57.53,20.14,96,15,9.84
27,Portobelo,PA,2020-10-23 16:50:19,9.55,-79.65,88.0,79,40,8.05
28,Ribeira Grande,PT,2020-10-23 16:50:19,38.52,-28.7,69.8,68,40,14.99
29,Rorvik,NO,2020-10-23 16:50:19,64.86,11.24,32.0,61,40,1.12
30,Sangar,RU,2020-10-23 16:50:19,63.92,127.47,19.6,94,100,20.09
31,Saposoa,PE,2020-10-23 16:50:19,-6.93,-76.77,86.0,62,75,6.93
32,Camacha,PT,2020-10-23 16:50:19,33.08,-16.33,69.8,56,20,10.29
33,Opunake,NZ,2020-10-23 16:50:19,-39.46,173.86,54.0,94,21,8.86
34,Beringovskiy,RU,2020-10-23 16:50:20,63.05,179.32,34.09,90,53,21.14
35,Marienburg,PL,2020-10-23 16:50:20,54.04,19.03,54.0,100,82,5.97
36,Bosobolo,CD,2020-10-23 16:50:20,4.18,19.9,74.66,90,99,1.5
37,Nikolskoye,RU,2020-10-23 16:50:20,59.7,30.79,50.0,87,75,11.18
38,Hermanus,ZA,2020-10-23 16:50:20,-34.42,19.23,72.0,79,15,4.0
39,Hithadhoo,MV,2020-10-23 16:50:20,-0.6,73.08,82.83,77,0,11.39
40,Grindavik,IS,2020-10-23 16:50:21,63.84,-22.43,42.8,87,75,24.16
41,Graaff-Reinet,ZA,2020-10-23 16:50:21,-32.25,24.53,84.99,33,76,3.0
42,Suchiapa,MX,2020-10-23 16:50:21,16.62,-93.08,78.8,74,75,2.24
43,Punta Arenas,CL,2020-10-23 16:50:21,-53.15,-70.92,44.6,70,75,6.93
44,Carnarvon,AU,2020-10-23 16:50:17,-24.87,113.63,69.8,68,0,11.41
45,Gravdal,NO,2020-10-23 16:50:21,68.12,13.5,35.6,69,40,4.7
46,Nome,US,2020-10-23 16:50:22,64.5,-165.41,33.8,50,1,13.87
47,Puerto Ayora,EC,2020-10-23 16:50:22,-0.74,-90.35,75.2,78,75,12.75
48,New Amsterdam,GY,2020-10-23 16:50:22,6.25,-57.52,89.91,59,6,8.32
49,Thompson,CA,2020-10-23 16:50:22,55.74,-97.86,21.2,73,90,10.29
50,Barrow,US,2020-10-23 16:50:22,71.29,-156.79,32.0,98,90,6.93
51,Kutum,SD,2020-10-23 16:50:23,14.2,24.67,81.99,15,0,7.27
52,Jamestown,US,2020-10-23 16:49:30,42.1,-79.24,73.99,60,1,11.41
53,Mercedes,AR,2020-10-23 16:50:23,-34.65,-59.43,73.0,80,99,1.99
54,Georgetown,MY,2020-10-23 16:48:01,5.41,100.34,80.6,83,40,3.06
55,Grand Gaube,MU,2020-10-23 16:50:23,-20.01,57.66,73.0,68,18,4.0
56,Butaritari,KI,2020-10-23 16:50:23,3.07,172.79,81.93,73,92,12.57
57,Dikson,RU,2020-10-23 16:50:24,73.51,80.55,23.43,95,100,15.28
58,Port Augusta,AU,2020-10-23 16:50:24,-32.5,137.77,55.4,93,90,24.16
59,Bilma,NE,2020-10-23 16:50:24,18.69,12.92,85.23,14,0,5.35
60,Bud,US,2020-10-23 16:50:24,39.45,-86.18,73.0,78,36,12.75
61,Yulara,AU,2020-10-23 16:50:24,-25.24,130.99,64.4,55,0,13.87
62,Yarada,IN,2020-10-23 16:50:24,17.65,83.27,82.4,100,75,2.24
63,Torbay,CA,2020-10-23 16:48:35,47.67,-52.73,46.99,65,75,11.41
64,Ust-Kishert,RU,2020-10-23 16:50:24,57.37,57.25,23.36,94,1,7.18
65,Tautira,PF,2020-10-23 16:50:25,-17.73,-149.15,75.2,78,20,2.24
66,Genhe,CN,2020-10-23 16:50:25,50.78,121.52,22.46,92,0,2.39
67,Tura,IN,2020-10-23 16:50:25,25.52,90.22,70.02,98,100,5.19
68,Chokurdakh,RU,2020-10-23 16:50:25,70.63,147.92,6.6,91,44,6.06
69,Kananga,CD,2020-10-23 16:50:25,-5.9,22.42,74.35,81,30,3.65
70,Druzhba,UA,2020-10-23 16:50:25,52.04,33.95,54.55,71,100,10.47
71,Mahebourg,MU,2020-10-23 16:50:25,-20.41,57.7,75.2,69,40,11.41
72,Albany,US,2020-10-23 16:47:11,42.6,-73.97,73.0,72,49,1.99
73,Salvador,SV,2020-10-23 16:50:17,13.83,-88.92,86.0,88,40,4.7
74,Te Anau,NZ,2020-10-23 16:50:06,-45.42,167.72,45.61,83,89,4.81
75,Komsomolskiy,UZ,2020-10-23 16:50:26,40.43,71.72,48.2,70,76,4.7
76,Flinders,AU,2020-10-23 16:50:26,-34.58,150.86,66.99,91,100,3.0
77,Lompoc,US,2020-10-23 16:50:26,34.64,-120.46,62.6,77,90,5.66
78,Jalu,LY,2020-10-23 16:50:26,29.03,21.55,72.57,47,24,9.37
79,Kapaa,US,2020-10-23 16:50:27,22.08,-159.32,73.4,94,20,3.36
80,Victoria,HK,2020-10-23 16:48:29,22.29,114.16,75.99,47,100,22.95
81,Talnakh,RU,2020-10-23 16:50:27,69.49,88.4,-2.2,84,40,8.95
82,Kavieng,PG,2020-10-23 16:50:27,-2.57,150.8,81.91,67,3,5.35
83,Hilo,US,2020-10-23 16:50:28,19.73,-155.09,71.6,78,1,3.36
84,East London,ZA,2020-10-23 16:49:10,-33.02,27.91,71.6,83,20,17.22
85,Itapirapua,BR,2020-10-23 16:50:28,-15.82,-50.61,93.72,38,77,4.83
86,San Cristobal,VE,2020-10-23 16:50:28,7.77,-72.22,93.2,38,40,21.92
87,Milovice,CZ,2020-10-23 16:50:28,50.23,14.89,61.0,87,0,5.82
88,Saldanha,ZA,2020-10-23 16:50:28,-33.01,17.94,69.8,64,28,5.82
89,Bluff,NZ,2020-10-23 16:50:29,-46.6,168.33,50.94,75,96,14.07
90,Tuatapere,NZ,2020-10-23 16:50:07,-46.13,167.68,47.89,76,71,8.9
91,Qaanaaq,GL,2020-10-23 16:50:29,77.48,-69.36,20.05,94,100,9.6
92,Port Hardy,CA,2020-10-23 16:50:29,50.7,-127.42,39.2,100,90,20.8
93,Faanui,PF,2020-10-23 16:50:29,-16.48,-151.75,78.48,76,67,12.64
94,Samarai,PG,2020-10-23 16:50:30,-10.62,150.67,79.95,86,69,5.93
95,Mar Del Plata,AR,2020-10-23 16:50:30,-38.0,-57.56,60.8,87,75,5.82
96,Yantal,RU,2020-10-23 16:50:30,56.85,105.25,32.99,94,99,1.81
97,Maraa,BR,2020-10-23 16:50:30,-1.83,-65.37,91.06,59,74,1.86
98,Krasnoselkup,RU,2020-10-23 16:50:30,65.7,82.47,13.98,97,89,8.48
99,Zalantun,CN,2020-10-23 16:50:30,48.0,122.72,29.28,86,0,7.02
100,Cheremkhovo,RU,2020-10-23 16:50:30,53.16,103.07,33.39,92,0,1.36
101,Chimbote,PE,2020-10-23 16:50:30,-9.09,-78.58,66.58,73,99,11.12
102,Chaihe,CN,2020-10-23 16:50:31,44.77,129.7,27.91,90,0,8.86
103,Nanortalik,GL,2020-10-23 16:50:31,60.14,-45.24,35.62,81,100,5.55
104,Tiksi,RU,2020-10-23 16:50:31,71.69,128.87,17.74,97,100,8.16
105,Lebu,CL,2020-10-23 16:50:31,-37.62,-73.65,55.63,63,96,7.47
106,Tuktoyaktuk,CA,2020-10-23 16:50:32,69.45,-133.04,23.0,85,75,10.29
107,Clyde River,CA,2020-10-23 16:50:32,70.47,-68.59,19.4,85,90,5.82
108,Bathsheba,BB,2020-10-23 16:50:32,13.22,-59.52,87.8,66,40,24.16
109,Falun,SE,2020-10-23 16:46:38,60.6,15.63,33.01,96,0,3.36
110,Atuona,PF,2020-10-23 16:50:32,-9.8,-139.03,77.54,79,21,21.72
111,Poum,NC,2020-10-23 16:47:30,-20.23,164.02,76.17,76,1,6.33
112,Lalin,ES,2020-10-23 16:50:32,42.72,-8.12,60.01,76,75,9.17
113,Nuuk,GL,2020-10-23 16:49:44,64.18,-51.72,30.2,63,75,10.29
114,Port Lincoln,AU,2020-10-23 16:50:33,-34.73,135.87,53.62,75,39,14.85
115,Ahuimanu,US,2020-10-23 16:49:46,21.44,-157.84,80.6,94,20,4.7
116,Adrar,MR,2020-10-23 16:50:33,20.5,-10.07,95.86,10,23,1.07
117,Praya,CV,2020-10-23 16:50:33,14.92,-23.51,86.0,62,20,20.8
118,Vanimo,PG,2020-10-23 16:50:33,-2.67,141.3,78.94,81,94,1.7
119,Mackay,AU,2020-10-23 16:50:34,-21.15,149.2,75.2,78,75,8.05
120,Villarrica,PY,2020-10-23 16:50:34,-25.75,-56.43,96.42,31,88,5.91
121,Werda,BW,2020-10-23 16:50:34,-25.27,23.28,89.08,15,16,8.16
122,Bosaso,SO,2020-10-23 16:50:34,11.28,49.18,78.78,69,0,2.68
123,Hofn,IS,2020-10-23 16:50:35,64.25,-15.21,46.4,81,90,18.34
124,Tual,ID,2020-10-23 16:50:35,-5.67,132.75,82.04,82,62,8.9
125,Sechura,PE,2020-10-23 16:47:31,-5.56,-80.82,74.86,56,18,13.13
126,Yerbogachen,RU,2020-10-23 16:50:35,61.28,108.01,25.5,97,66,5.37
127,Sitka,US,2020-10-23 16:50:35,57.05,-135.33,30.2,54,1,4.7
128,Porbandar,IN,2020-10-23 16:50:35,21.64,69.61,83.37,52,20,7.92
129,Bima,ID,2020-10-23 16:50:36,-8.47,118.72,77.76,86,48,3.13
130,Aklavik,CA,2020-10-23 16:50:36,68.22,-135.01,28.4,92,75,3.36
131,Namatanai,PG,2020-10-23 16:50:36,-3.67,152.43,79.36,70,2,2.93
132,Kodiak,US,2020-10-23 16:50:36,57.79,-152.41,44.6,93,90,24.16
133,Bamiantong,CN,2020-10-23 16:50:36,44.93,130.53,28.62,88,29,15.03
134,Yellowknife,CA,2020-10-23 16:49:38,62.46,-114.35,23.0,92,75,8.05
135,Vestmannaeyjar,IS,2020-10-23 16:50:36,63.44,-20.27,44.6,87,75,23.04
136,Axim,GH,2020-10-23 16:50:37,4.87,-2.24,80.35,81,98,8.23
137,Abhar,IR,2020-10-23 16:50:37,36.15,49.22,53.49,62,0,4.61
138,Vaini,TO,2020-10-23 16:50:37,-21.2,-175.2,69.8,94,20,6.93
139,Neuquen,AR,2020-10-23 16:50:37,-38.95,-68.06,73.4,56,0,6.93
140,Port Alfred,ZA,2020-10-23 16:50:37,-33.59,26.89,75.99,70,65,11.21
141,Malakal,SS,2020-10-23 16:50:37,9.53,31.66,77.83,80,72,2.08
142,Deputatskiy,RU,2020-10-23 16:50:38,69.3,139.9,0.95,89,98,3.76
143,Marataizes,BR,2020-10-23 16:47:09,-21.04,-40.82,74.86,62,5,10.2
144,Saint George,US,2020-10-23 16:50:38,37.1,-113.58,61.0,23,1,2.46
145,Geraldton,AU,2020-10-23 16:50:38,-28.77,114.6,66.2,59,0,12.75
146,Portland,US,2020-10-23 16:49:45,45.52,-122.68,44.6,81,90,4.7
147,Karratha,AU,2020-10-23 16:50:39,-20.74,116.85,69.37,67,0,16.17
148,Evans,US,2020-10-23 16:50:39,33.53,-82.13,82.99,61,20,4.7
149,Cabatuan,PH,2020-10-23 16:50:39,10.88,122.49,77.14,89,100,6.53
150,Bethel,US,2020-10-23 16:50:39,41.37,-73.41,64.4,93,90,8.05
151,Praia,CV,2020-10-23 16:48:42,14.92,-23.51,86.0,62,20,20.8
152,Batemans Bay,AU,2020-10-23 16:50:39,-35.72,150.18,64.0,94,100,1.99
153,Avarua,CK,2020-10-23 16:50:40,-21.21,-159.78,73.4,78,94,12.75
154,Talcahuano,CL,2020-10-23 16:50:40,-36.72,-73.12,59.0,58,0,9.17
155,Aleksandrov Gay,RU,2020-10-23 16:50:40,50.15,48.57,54.28,81,95,11.52
156,San Carlos,VE,2020-10-23 16:50:40,9.66,-68.58,85.21,72,73,4.7
157,Baiyin,CN,2020-10-23 16:50:40,36.56,104.21,39.2,68,0,4.47
158,Ponta Do Sol,PT,2020-10-23 16:50:41,32.67,-17.1,70.0,60,40,12.75
159,Perbaungan,ID,2020-10-23 16:50:41,3.57,98.96,77.0,100,40,4.7
160,Ha Tinh,VN,2020-10-23 16:50:41,18.33,105.9,68.77,68,92,4.25
161,Caravelas,BR,2020-10-23 16:50:41,-17.71,-39.25,76.91,80,98,5.99
162,Tasiilaq,GL,2020-10-23 16:50:41,65.61,-37.64,35.6,51,75,5.82
163,Belmonte,BR,2020-10-23 16:50:41,-15.86,-38.88,73.4,88,90,8.05
164,Ucluelet,CA,2020-10-23 16:46:13,48.93,-125.55,45.0,93,90,12.75
165,Roald,NO,2020-10-23 16:50:42,62.58,6.13,39.2,64,40,11.41
166,Escalerillas,MX,2020-10-23 16:50:42,22.13,-101.07,66.2,34,5,2.21
167,Kaitangata,NZ,2020-10-23 16:50:43,-46.28,169.85,48.81,93,93,3.85
168,Dehloran,IR,2020-10-23 16:50:43,32.69,47.27,76.39,16,0,3.33
169,Cabedelo,BR,2020-10-23 16:50:43,-6.98,-34.83,84.2,70,75,18.34
170,Manhattan,US,2020-10-23 16:50:39,40.78,-73.97,68.0,88,90,5.77
171,Port Elizabeth,ZA,2020-10-23 16:50:43,-33.92,25.57,68.0,82,0,18.34
172,Pitea,SE,2020-10-23 16:50:43,65.32,21.48,26.6,100,0,4.7
173,Leningradskiy,RU,2020-10-23 16:50:44,69.38,178.42,23.5,90,0,4.63
174,Saskylakh,RU,2020-10-23 16:50:44,71.92,114.08,20.52,97,100,8.57
175,Olinda,BR,2020-10-23 16:50:44,-8.01,-34.86,86.0,66,40,14.99
176,Wufeng,CN,2020-10-23 16:50:44,27.45,104.83,45.28,83,56,2.68
177,Kununurra,AU,2020-10-23 16:50:44,-15.77,128.73,84.2,66,84,3.36
178,Sabha,LY,2020-10-23 16:50:45,27.04,14.43,73.81,20,0,9.28
179,Oranjemund,NA,2020-10-23 16:50:45,-28.55,16.43,61.32,80,12,4.36
180,La Ronge,CA,2020-10-23 16:50:45,55.1,-105.28,21.2,85,90,9.17
181,Warrington,GB,2020-10-23 16:50:45,53.39,-2.58,51.8,71,20,10.29
182,Sobolevo,RU,2020-10-23 16:50:46,54.43,31.9,51.08,92,44,9.8
183,Mount Gambier,AU,2020-10-23 16:50:46,-37.83,140.77,50.0,81,90,13.87
184,Puerto Leguizamo,CO,2020-10-23 16:50:46,-0.19,-74.78,94.96,43,90,2.1
185,Lucapa,AO,2020-10-23 16:50:46,-8.42,20.74,70.79,85,88,2.46
186,Buala,SB,2020-10-23 16:50:46,-8.14,159.59,79.99,80,16,5.55
187,Avera,US,2020-10-23 16:50:46,33.19,-82.53,82.4,61,75,6.93
188,Luderitz,NA,2020-10-23 16:50:46,-26.65,15.16,62.65,75,6,6.24
189,Thana Bhawan,IN,2020-10-23 16:50:47,29.59,77.42,71.69,22,0,4.52
190,Labytnangi,RU,2020-10-23 16:50:47,66.66,66.42,18.23,94,93,5.88
191,Buta,CD,2020-10-23 16:50:47,2.79,24.73,72.48,88,94,1.5
192,Batticaloa,LK,2020-10-23 16:50:47,7.71,81.69,80.91,77,6,10.42
193,Nguruka,TZ,2020-10-23 16:50:47,-5.11,31.04,79.2,39,51,3.4
194,Cockburn Town,TC,2020-10-23 16:46:08,21.46,-71.14,82.69,79,41,18.01
195,Lorengau,PG,2020-10-23 16:50:47,-2.02,147.27,81.54,72,26,4.94
196,Teknaf,BD,2020-10-23 16:50:48,20.86,92.31,80.19,88,100,18.43
197,Ozark,US,2020-10-23 16:50:48,37.02,-93.21,44.6,100,90,17.22
198,Tigil,RU,2020-10-23 16:50:48,57.8,158.67,32.18,95,0,2.82
199,Tiznit,MA,2020-10-23 16:50:48,29.58,-9.5,66.99,58,100,7.7
200,Kovernino,RU,2020-10-23 16:50:48,57.13,43.81,46.63,94,89,7.58
201,Odienne,CI,2020-10-23 16:50:49,9.51,-7.57,86.31,56,55,4.99
202,Doha,QA,2020-10-23 16:50:49,25.29,51.53,84.2,62,0,5.82
203,Doka,SD,2020-10-23 16:50:49,13.52,35.77,85.64,36,26,3.67
204,Mandalgovi,MN,2020-10-23 16:50:49,45.76,106.27,36.86,63,85,5.44
205,Bengkulu,ID,2020-10-23 16:49:08,-3.8,102.27,78.03,83,100,3.96
206,Itaituba,BR,2020-10-23 16:50:16,-4.28,-55.98,100.27,31,100,3.76
207,Butte,US,2020-10-23 16:50:50,39.65,-121.57,66.0,32,1,3.36
208,Seoul,KR,2020-10-23 16:48:47,37.57,126.98,42.8,65,1,10.74
209,Esperance,AU,2020-10-23 16:50:50,-33.87,121.9,53.6,100,90,5.82
210,Fuchu,JP,2020-10-23 16:50:50,35.67,139.48,63.0,77,90,6.93
211,Gimli,CA,2020-10-23 16:50:50,50.63,-96.99,30.0,98,33,4.0
212,Noumea,NC,2020-10-23 16:50:51,-22.28,166.46,75.2,69,0,3.36
213,Saint Anthony,US,2020-10-23 16:50:51,45.02,-93.22,35.01,86,90,10.29
214,Tessalit,ML,2020-10-23 16:50:51,20.2,1.01,95.81,10,0,11.18
215,Rocha,UY,2020-10-23 16:50:51,-34.48,-54.33,69.17,83,99,4.47
216,Saint-Francois,FR,2020-10-23 16:50:51,46.42,3.91,55.4,87,0,3.36
217,Yerazgavors,AM,2020-10-23 16:50:51,40.7,43.75,51.8,43,0,3.36
218,Kimbe,PG,2020-10-23 16:50:51,-5.55,150.14,75.16,87,36,3.2
219,Conceicao Do Araguaia,BR,2020-10-23 16:50:52,-8.26,-49.26,99.48,34,85,3.06
220,Port Hawkesbury,CA,2020-10-23 16:50:52,45.62,-61.35,53.01,50,1,3.36
221,Gat,IL,2020-10-23 16:50:52,31.61,34.76,79.0,69,0,4.7
222,Merauke,ID,2020-10-23 16:47:31,-8.47,140.33,77.99,86,30,12.06
223,Namibe,AO,2020-10-23 16:50:52,-15.2,12.15,70.45,82,80,13.6
224,Beaufort,MY,2020-10-23 16:50:52,5.35,115.75,78.8,88,20,2.24
225,Barkhan,PK,2020-10-23 16:50:53,29.9,69.53,59.88,27,0,1.12
226,Belyy Yar,RU,2020-10-23 16:50:53,53.6,91.39,28.4,92,99,2.24
227,Bilibino,RU,2020-10-23 16:47:32,68.05,166.44,16.29,90,39,1.03
228,Alta Floresta,BR,2020-10-23 16:50:53,-9.88,-56.09,103.55,30,79,0.96
229,Provideniya,RU,2020-10-23 16:50:53,64.38,-173.3,33.64,91,100,14.61
230,Dargaville,NZ,2020-10-23 16:50:53,-35.93,173.88,56.71,94,84,4.43
231,Bambous Virieux,MU,2020-10-23 16:50:54,-20.34,57.76,75.2,69,40,11.41
232,Beroroha,MG,2020-10-23 16:50:54,-21.67,45.17,78.21,66,44,6.62
233,Fortuna,US,2020-10-23 16:50:54,40.6,-124.16,46.4,81,1,3.36
234,Semporna,MY,2020-10-23 16:50:54,4.48,118.61,77.0,100,20,2.24
235,Bitung,ID,2020-10-23 16:50:54,1.45,125.18,75.2,94,20,1.12
236,Arrecife,ES,2020-10-23 16:50:54,28.96,-13.55,73.4,60,20,16.11
237,Hualmay,PE,2020-10-23 16:50:54,-11.1,-77.61,68.25,68,62,9.51
238,Makakilo City,US,2020-10-23 16:50:55,21.35,-158.09,80.6,83,90,5.82
239,Zemio,CF,2020-10-23 16:50:55,5.03,25.14,72.88,92,92,2.71
240,Coahuayana,MX,2020-10-23 16:50:55,18.73,-103.68,78.8,78,75,2.04
241,Okha,RU,2020-10-23 16:50:55,53.57,142.95,46.69,92,100,31.41
242,Alofi,NU,2020-10-23 16:50:55,-19.06,-169.92,73.4,100,100,6.93
243,Ancud,CL,2020-10-23 16:50:55,-41.87,-73.82,57.99,71,75,12.75
244,Cayenne,GF,2020-10-23 16:48:34,4.93,-52.33,91.4,49,40,6.93
245,Ahipara,NZ,2020-10-23 16:50:55,-35.17,173.17,58.15,93,59,5.77
246,Salalah,OM,2020-10-23 16:50:56,17.02,54.09,82.4,42,0,3.36
247,Manokwari,ID,2020-10-23 16:50:56,-0.87,134.08,80.53,78,70,1.9
248,San Ignacio,BZ,2020-10-23 16:50:09,17.16,-89.07,88.0,88,75,4.7
249,Sao Filipe,CV,2020-10-23 16:50:56,14.9,-24.5,81.37,73,2,13.76
250,Mindelo,CV,2020-10-23 16:50:56,16.89,-24.98,87.8,58,40,26.4
251,Crossville,US,2020-10-23 16:47:26,35.95,-85.03,75.0,68,40,8.05
252,Old Bridge,US,2020-10-23 16:50:57,40.41,-74.37,69.01,88,90,5.66
253,Sabang,ID,2020-10-23 16:50:57,5.89,95.32,83.12,76,97,9.46
254,Liverpool,GB,2020-10-23 16:50:57,53.41,-2.98,51.8,71,20,10.29
255,Arraial Do Cabo,BR,2020-10-23 16:50:57,-22.97,-42.03,78.8,57,20,18.34
256,Palmer,US,2020-10-23 16:50:57,42.16,-72.33,68.0,100,90,4.7
257,Dunedin,NZ,2020-10-23 16:48:07,-45.87,170.5,50.0,88,54,1.01
258,Kemijarvi,FI,2020-10-23 16:50:57,66.71,27.43,25.97,96,100,8.39
259,Porto Novo,BJ,2020-10-23 16:50:58,6.5,2.6,81.75,77,96,8.03
260,Nagyoroszi,HU,2020-10-23 16:50:58,48.01,19.09,53.01,92,100,3.56
261,Antalaha,MG,2020-10-23 16:50:58,-14.9,50.28,72.3,79,47,8.63
262,Forestville,US,2020-10-23 16:50:58,38.85,-76.88,78.01,73,40,5.82
263,Riyadh,SA,2020-10-23 16:49:23,24.69,46.72,78.8,19,0,5.82
264,Xuddur,SO,2020-10-23 16:50:58,4.12,43.89,80.96,67,97,4.27
265,Zyuzelskiy,RU,2020-10-23 16:50:58,56.49,60.13,15.8,85,0,4.47
266,Pevek,RU,2020-10-23 16:50:59,69.7,170.31,26.91,95,5,13.56
267,Pathein,MM,2020-10-23 16:50:59,16.78,94.73,76.08,93,42,4.36
268,Half Moon Bay,US,2020-10-23 16:47:28,37.46,-122.43,63.0,72,1,5.82
269,Nemuro,JP,2020-10-23 16:50:59,43.32,145.57,57.13,83,73,15.35
270,Tecoanapa,MX,2020-10-23 16:50:59,16.52,-98.75,84.6,68,100,5.5
271,San Patricio,US,2020-10-23 16:50:59,28.02,-97.52,87.01,83,40,5.82
272,Lagoa,PT,2020-10-23 16:51:00,39.05,-27.98,65.68,78,33,19.1
273,Williams Lake,CA,2020-10-23 16:46:17,52.14,-122.14,24.8,92,90,4.7
274,Savannah Bight,HN,2020-10-23 16:51:00,16.45,-85.85,83.32,75,86,10.49
275,Sanlucar La Mayor,ES,2020-10-23 16:51:00,37.39,-6.2,72.0,59,52,1.01
276,Hambantota,LK,2020-10-23 16:51:00,6.12,81.12,80.01,79,8,16.93
277,Sistranda,NO,2020-10-23 16:51:00,63.73,8.83,35.6,93,20,4.7
278,Bogorodskoye,RU,2020-10-23 16:51:00,56.55,37.88,50.74,91,99,11.74
279,Laguna,US,2020-10-23 16:51:01,38.42,-121.42,62.01,26,1,3.36
280,Manaure,CO,2020-10-23 16:51:01,11.78,-72.44,89.74,61,57,18.19
281,Labuhan,ID,2020-10-23 16:51:01,-6.88,112.21,80.47,79,37,5.93
282,Pakxan,LA,2020-10-23 16:51:01,18.38,103.66,65.52,71,55,2.75
283,Rio Grande,BR,2020-10-23 16:47:19,-32.03,-52.1,78.01,76,100,1.01
284,Verkhnevilyuysk,RU,2020-10-23 16:51:02,63.45,120.32,36.36,86,99,10.47
285,Luanda,AO,2020-10-23 16:48:36,-8.84,13.23,82.4,69,40,16.11
286,Codrington,AU,2020-10-23 16:51:02,-38.27,141.97,51.44,84,100,14.03
287,Nyaunglebin,MM,2020-10-23 16:51:02,17.95,96.73,74.32,93,41,3.06
288,Pangody,RU,2020-10-23 16:51:02,65.85,74.49,19.69,97,97,8.72
289,Pedernales,DO,2020-10-23 16:51:02,18.04,-71.74,86.0,79,40,12.75
290,Xining,CN,2020-10-23 16:51:02,36.62,101.77,44.47,56,86,2.19
291,Ambunti,PG,2020-10-23 16:51:03,-4.24,142.84,73.04,99,94,1.28
292,Chino Valley,US,2020-10-23 16:51:03,34.76,-112.45,72.0,48,1,5.44
293,Aloleng,PH,2020-10-23 16:51:03,16.13,119.78,79.21,81,100,5.61
294,Kruisfontein,ZA,2020-10-23 16:51:03,-34.0,24.73,71.01,77,0,7.0
295,Dimona,IL,2020-10-23 16:51:03,31.07,35.03,68.22,61,0,5.23
296,Fairbanks,US,2020-10-23 16:48:54,64.84,-147.72,18.0,84,1,4.76
297,Bharatpur,IN,2020-10-23 16:51:04,27.22,77.48,78.03,20,0,3.62
298,Ust-Kut,RU,2020-10-23 16:51:04,56.79,105.77,33.64,92,99,2.24
299,Tsumeb,NA,2020-10-23 16:51:04,-19.23,17.72,87.08,13,3,12.35
300,Mehamn,NO,2020-10-23 16:51:04,71.04,27.85,35.6,93,90,25.28
301,Turukhansk,RU,2020-10-23 16:51:04,65.82,87.98,9.64,96,96,8.14
302,Corrales,US,2020-10-23 16:51:05,35.24,-106.61,64.99,25,1,4.7
303,Narsaq,GL,2020-10-23 16:51:05,60.92,-46.05,28.4,68,75,3.36
304,Kologriv,RU,2020-10-23 16:51:05,58.83,44.32,39.43,97,100,6.76
305,Altamont,US,2020-10-23 16:50:50,42.21,-121.74,39.99,47,1,3.36
306,Iquitos,PE,2020-10-23 16:46:21,-3.75,-73.25,84.2,74,40,3.36
307,Terra Santa,BR,2020-10-23 16:51:05,-2.1,-56.49,102.54,27,10,5.86
308,Misterbianco,IT,2020-10-23 16:51:05,37.53,14.95,69.8,82,0,5.82
309,Vila Velha,BR,2020-10-23 16:49:41,-20.33,-40.29,78.01,73,40,10.29
310,Walvis Bay,NA,2020-10-23 16:51:06,-22.96,14.51,66.2,68,0,9.17
311,Tezu,IN,2020-10-23 16:51:06,27.92,96.17,69.44,87,100,2.26
312,Jatiroto,ID,2020-10-23 16:51:06,-7.88,111.12,75.2,87,43,1.9
313,Sibu,MY,2020-10-23 16:51:06,2.3,111.82,77.0,94,40,5.82
314,Tainan,TW,2020-10-23 16:51:06,22.99,120.21,69.01,82,75,2.24
315,Karaton,ID,2020-10-23 16:51:06,-6.34,106.1,82.99,74,20,3.36
316,Ajdabiya,LY,2020-10-23 16:51:07,30.76,20.23,71.96,65,8,16.06
317,Lata,PT,2020-10-23 16:51:07,40.16,-8.33,64.99,68,51,4.0
318,Hay River,CA,2020-10-23 16:51:07,60.82,-115.8,21.2,100,75,12.75
319,Makushino,RU,2020-10-23 16:51:07,55.21,67.24,24.84,90,40,7.52
320,Nuristan,AF,2020-10-23 16:51:07,35.3,70.83,24.17,90,11,2.93
321,Nyurba,RU,2020-10-23 16:51:07,63.28,118.33,30.97,95,93,10.67
322,Shakawe,BW,2020-10-23 16:51:08,-18.37,21.85,85.42,15,2,5.55
323,Rock Springs,US,2020-10-23 16:51:08,41.59,-109.2,17.6,72,1,2.26
324,Cassilandia,BR,2020-10-23 16:51:08,-19.11,-51.73,92.79,38,13,5.1
325,Hasaki,JP,2020-10-23 16:51:08,35.73,140.83,60.8,93,75,3.36
326,Naze,JP,2020-10-23 16:51:09,28.37,129.48,69.8,60,75,17.22
327,Kerrville,US,2020-10-23 16:51:09,30.05,-99.14,73.4,88,90,4.23
328,Westport,US,2020-10-23 16:46:53,41.14,-73.36,66.99,93,90,6.93
329,Krasnofarfornyy,RU,2020-10-23 16:51:09,59.14,31.85,49.14,83,88,10.78
330,Katsuura,JP,2020-10-23 16:51:09,35.13,140.3,64.4,59,20,13.87
331,Kirakira,SB,2020-10-23 16:51:09,-10.45,161.92,78.71,83,84,7.78
332,Sesheke,ZM,2020-10-23 16:51:10,-17.48,24.3,95.0,15,3,14.99
333,Batagay-Alyta,RU,2020-10-23 16:51:10,67.8,130.41,7.54,91,100,5.14
334,Escanaba,US,2020-10-23 16:51:10,45.75,-87.06,41.0,80,90,11.41
335,Maumere,ID,2020-10-23 16:51:10,-8.62,122.21,80.31,79,96,5.39
336,Killybegs,IE,2020-10-23 16:51:10,54.63,-8.45,50.0,66,40,4.7
337,Kuito,AO,2020-10-23 16:51:10,-12.38,16.93,70.3,58,46,0.94
338,Carutapera,BR,2020-10-23 16:51:11,-1.2,-46.02,88.05,53,73,10.87
339,Nishihara,JP,2020-10-23 16:51:11,26.18,127.76,71.6,60,75,18.34
340,Havre-Saint-Pierre,CA,2020-10-23 16:51:11,50.23,-63.6,41.0,41,1,6.93
341,Pokrovsk,UA,2020-10-23 16:51:11,48.28,37.18,58.19,79,30,8.97
342,Katobu,ID,2020-10-23 16:51:11,-4.94,122.53,77.0,87,20,3.6
343,Saint-Philippe,RE,2020-10-23 16:51:12,-21.36,55.77,73.4,78,0,14.99
344,Pandan Niog,PH,2020-10-23 16:51:12,6.23,120.56,83.35,74,99,4.47
345,Atascadero,US,2020-10-23 16:51:12,35.49,-120.67,68.0,77,40,3.36
346,Koundara,GN,2020-10-23 16:51:12,12.48,-13.3,95.13,40,0,2.46
347,Srinagar,IN,2020-10-23 16:46:13,34.08,74.82,52.54,41,10,0.27
348,Tibu,CO,2020-10-23 16:51:12,8.64,-72.74,95.92,41,59,3.11
349,Hobyo,SO,2020-10-23 16:51:13,5.35,48.53,81.19,81,97,20.36
350,Amlame,TG,2020-10-23 16:51:13,7.47,0.9,80.31,71,36,1.77
351,San Luis,AR,2020-10-23 16:51:13,-33.3,-66.34,83.95,30,4,2.62
352,Wadi Musa,JO,2020-10-23 16:51:13,30.32,35.48,66.4,24,0,7.05
353,Sanford,US,2020-10-23 16:51:13,28.8,-81.27,84.0,69,90,10.29
354,Nikel,RU,2020-10-23 16:51:14,69.41,30.22,32.0,95,90,11.41
355,Palmas,BR,2020-10-23 16:50:37,-10.21,-48.36,73.4,100,75,2.24
356,Puerto Cabezas,NI,2020-10-23 16:51:14,14.04,-83.39,87.8,79,75,6.93
357,Mahibadhoo,MV,2020-10-23 16:51:14,3.78,72.97,82.33,79,8,13.13
358,Gigmoto,PH,2020-10-23 16:51:14,13.78,124.39,80.64,80,71,3.02
359,Bukachacha,RU,2020-10-23 16:51:14,52.98,116.92,28.33,94,2,1.34
360,Arroyo,ES,2020-10-23 16:51:15,41.61,-4.8,57.0,62,20,12.75
361,Valparaiso,CL,2020-10-23 16:49:33,-33.04,-71.63,57.0,76,40,8.05
362,Moerai,PF,2020-10-23 16:51:15,-22.43,-151.33,69.87,87,100,21.16
363,Trofors,NO,2020-10-23 16:51:15,65.53,13.41,33.8,86,75,4.7
364,Roswell,US,2020-10-23 16:51:15,34.02,-84.36,79.0,69,40,5.82
365,Tuscaloosa,US,2020-10-23 16:46:24,33.21,-87.57,82.0,69,20,5.82
366,Yar-Sale,RU,2020-10-23 16:51:16,66.83,70.83,19.76,94,77,8.19
367,Palora,EC,2020-10-23 16:51:16,-1.7,-77.93,78.8,69,40,5.82
368,Pareora,NZ,2020-10-23 16:51:16,-44.49,171.21,53.01,97,50,3.71
369,Ixtapa,MX,2020-10-23 16:51:16,20.7,-105.2,86.0,74,5,2.24
370,Alanya,TR,2020-10-23 16:49:10,36.54,32.0,69.8,68,0,4.7
371,Aykhal,RU,2020-10-23 16:51:16,66.0,111.5,23.0,62,90,17.9
372,Dharchula,IN,2020-10-23 16:51:16,29.85,80.53,57.13,45,2,4.61
373,Nago,JP,2020-10-23 16:51:16,26.59,127.98,69.8,60,75,12.75
374,Blackwater,AU,2020-10-23 16:51:17,-23.58,148.88,68.95,90,100,6.8
375,Strezhevoy,RU,2020-10-23 16:51:17,60.73,77.59,19.4,79,90,6.71
376,Jinchang,CN,2020-10-23 16:51:17,38.5,102.17,47.03,47,98,2.8
377,Comodoro Rivadavia,AR,2020-10-23 16:51:17,-45.87,-67.5,69.8,35,0,6.93
378,Belvedere Marittimo,IT,2020-10-23 16:51:18,39.62,15.86,62.01,68,29,1.01
379,Santa Isabel Do Rio Negro,BR,2020-10-23 16:51:18,-0.41,-65.02,92.23,57,72,2.46
380,Kunming,CN,2020-10-23 16:51:18,25.04,102.72,57.0,71,40,2.24
381,High Level,CA,2020-10-23 16:51:18,58.52,-117.14,17.6,92,75,5.82
382,Waipawa,NZ,2020-10-23 16:51:18,-41.41,175.52,57.2,67,35,17.22
383,Kasempa,ZM,2020-10-23 16:51:18,-13.46,25.83,75.74,34,54,2.93
384,Limbe,CM,2020-10-23 16:51:18,4.02,9.21,79.43,81,74,11.03
385,Shabrovskiy,RU,2020-10-23 16:51:19,56.64,60.58,15.8,85,0,4.47
386,Pisco,PE,2020-10-23 16:51:19,-13.7,-76.22,66.99,77,20,9.17
387,Klaksvik,FO,2020-10-23 16:51:19,62.23,-6.59,44.6,93,100,9.17
388,Pangnirtung,CA,2020-10-23 16:51:19,66.15,-65.71,26.6,92,90,3.36
389,Bahia De Caraquez,EC,2020-10-23 16:51:19,-0.6,-80.42,77.0,73,75,10.29
390,Narok,KE,2020-10-23 16:51:19,-1.08,35.86,66.47,62,90,8.32
391,Bandarbeyla,SO,2020-10-23 16:48:37,9.49,50.81,78.67,75,71,6.44
392,Buenavista,PH,2020-10-23 16:51:20,8.98,125.41,77.45,86,98,2.39
393,Port Moresby,PG,2020-10-23 16:49:21,-9.44,147.18,75.2,100,20,3.36
394,Paciran,ID,2020-10-23 16:51:20,-6.88,112.38,81.28,76,18,4.09
395,Mancio Lima,BR,2020-10-23 16:51:20,-7.61,-72.9,95.07,38,60,4.5
396,Southbridge,US,2020-10-23 16:51:20,42.08,-72.03,64.0,80,100,1.01
397,Livingstonia,MW,2020-10-23 16:51:21,-10.61,34.11,69.91,62,18,5.77
398,Los Llanos De Aridane,ES,2020-10-23 16:51:21,28.66,-17.92,73.4,56,20,8.05
399,Challans,FR,2020-10-23 16:51:21,46.84,-1.87,59.0,82,90,9.17
400,Troitsko-Pechorsk,RU,2020-10-23 16:51:21,62.71,56.2,22.23,92,29,7.34
401,Pangkalanbuun,ID,2020-10-23 16:51:22,-2.68,111.62,75.25,94,100,0.98
402,Haines Junction,CA,2020-10-23 16:51:22,60.75,-137.51,16.77,87,2,1.61
403,Severo-Kurilsk,RU,2020-10-23 16:51:22,50.68,156.12,45.7,85,100,21.09
404,Pustoshka,RU,2020-10-23 16:51:22,56.34,29.37,50.45,84,47,11.41
405,Bestobe,KZ,2020-10-23 16:51:22,52.5,73.1,30.54,92,100,12.68
406,El Vigia,VE,2020-10-23 16:51:22,8.62,-71.65,90.09,51,24,3.33
407,Khasan,RU,2020-10-23 16:51:23,42.43,130.64,38.48,68,0,21.7
408,Sioux Lookout,CA,2020-10-23 16:51:23,50.1,-91.92,30.2,63,75,9.17
409,Acapulco,MX,2020-10-23 16:51:23,16.86,-99.89,84.2,74,40,3.36
410,Azua,DO,2020-10-23 16:51:23,18.45,-70.73,86.0,79,40,12.75
411,Alice Springs,AU,2020-10-23 16:51:12,-23.7,133.88,66.2,52,0,6.93
412,Gallup,US,2020-10-23 16:47:33,35.53,-108.74,60.01,32,1,11.52
413,Marzuq,YE,2020-10-23 16:51:23,14.4,46.47,71.04,20,5,4.41
414,Pyay,MM,2020-10-23 16:51:24,18.82,95.22,74.88,96,85,6.78
415,Tete,MZ,2020-10-23 16:51:24,-16.16,33.59,93.2,26,20,6.93
416,Marsa Matruh,EG,2020-10-23 16:51:24,31.35,27.25,71.6,60,40,6.93
417,Skjervoy,NO,2020-10-23 16:51:24,70.03,20.97,41.0,80,75,19.46
418,Guerrero Negro,MX,2020-10-23 16:51:24,27.98,-114.06,71.94,61,44,10.09
419,Necochea,AR,2020-10-23 16:51:24,-38.55,-58.74,64.0,76,64,3.0
420,Tarnogskiy Gorodok,RU,2020-10-23 16:51:24,60.5,43.58,39.99,95,100,8.34
421,Yatou,CN,2020-10-23 16:51:25,37.15,122.38,47.68,56,0,10.0
422,Krasnooktyabrskiy,RU,2020-10-23 16:51:25,44.93,38.37,57.0,71,19,5.26
423,Sakakah,SA,2020-10-23 16:51:25,29.97,40.21,82.4,12,0,4.7
424,Kurayoshi,JP,2020-10-23 16:51:25,35.43,133.82,55.4,93,75,11.41
425,Cabo San Lucas,MX,2020-10-23 16:49:09,22.89,-109.91,90.0,66,5,2.24
426,Ayr,GB,2020-10-23 16:51:26,55.46,-4.63,51.8,66,40,13.87
427,Ronneby,SE,2020-10-23 16:51:26,56.21,15.28,51.8,87,75,4.7
428,Cidreira,BR,2020-10-23 16:51:26,-30.18,-50.21,70.59,82,100,17.22
429,Xichang,CN,2020-10-23 16:51:26,27.9,102.26,49.55,78,64,1.74
430,Novikovo,RU,2020-10-23 16:51:26,51.15,37.89,56.41,73,100,7.7
431,Aripuana,BR,2020-10-23 16:51:26,-9.17,-60.63,91.08,48,100,0.69
432,Yeppoon,AU,2020-10-23 16:51:26,-23.13,150.73,71.6,83,75,6.85
433,Basar,IN,2020-10-23 16:51:26,27.98,94.67,63.81,92,100,2.48
434,Presidencia Roque Saenz Pena,AR,2020-10-23 16:51:27,-26.79,-60.44,97.36,38,77,2.15
435,Zhigansk,RU,2020-10-23 16:51:27,66.77,123.37,25.48,96,100,34.45
436,Novo Aripuana,BR,2020-10-23 16:51:27,-5.12,-60.38,93.49,46,44,2.73
437,Kavaratti,IN,2020-10-23 16:51:27,10.57,72.64,81.3,74,95,14.09
438,Izvestkovyy,RU,2020-10-23 16:51:27,48.98,131.55,32.83,88,73,13.91
439,Tianpeng,CN,2020-10-23 16:51:28,30.99,103.94,68.0,93,40,3.42
440,Emba,KZ,2020-10-23 16:51:28,48.83,58.14,34.86,74,69,7.18
441,Pacific Grove,US,2020-10-23 16:51:28,36.62,-121.92,64.0,77,90,8.05
442,Racine,US,2020-10-23 16:51:28,42.75,-88.08,43.0,100,90,9.17
443,Coihaique,CL,2020-10-23 16:51:28,-45.58,-72.07,60.8,41,40,5.82
444,Puerto Carreno,CO,2020-10-23 16:51:28,6.19,-67.49,88.36,63,96,6.42
445,Padang,ID,2020-10-23 16:51:28,-0.95,100.35,80.19,78,100,3.89
446,Babylon,US,2020-10-23 16:46:35,40.7,-73.33,69.01,82,90,8.05
447,Muisne,EC,2020-10-23 16:51:29,0.6,-80.03,82.4,78,40,8.05
448,Sovetskiy,RU,2020-10-23 16:51:29,61.36,63.58,23.67,95,0,4.47
449,Aksha,RU,2020-10-23 16:51:29,50.28,113.29,29.73,89,3,1.1
450,Kihei,US,2020-10-23 16:51:29,20.79,-156.47,71.6,64,1,5.82
451,Longyearbyen,SJ,2020-10-23 16:51:29,78.22,15.64,17.6,78,20,3.36
452,Jacmel,HT,2020-10-23 16:51:29,18.23,-72.53,89.6,59,20,24.16
453,Halifax,CA,2020-10-23 16:46:58,44.65,-63.57,55.99,81,20,11.41
454,Abu Zabad,SD,2020-10-23 16:51:30,12.35,29.25,87.69,38,14,10.51
455,Santa Cruz,BO,2020-10-23 16:50:00,-17.8,-63.17,95.0,44,75,20.8
456,Campbell River,CA,2020-10-23 16:51:30,50.02,-125.24,39.99,100,90,6.93
457,Dondo,MZ,2020-10-23 16:51:30,-19.61,34.74,77.0,73,0,13.87
458,Gazimurskiy Zavod,RU,2020-10-23 16:51:30,51.55,118.33,27.39,92,0,2.1
459,Lahaina,US,2020-10-23 16:51:30,20.88,-156.68,71.6,64,1,5.82
460,Eureka,US,2020-10-23 16:47:50,40.8,-124.16,46.4,93,1,4.88
461,Mount Isa,AU,2020-10-23 16:48:40,-20.73,139.5,68.0,82,26,2.24
462,Margate,GB,2020-10-23 16:51:31,51.38,1.39,55.99,82,82,4.0
463,Tommot,RU,2020-10-23 16:51:31,58.96,126.29,14.02,91,44,2.17
464,Coquimbo,CL,2020-10-23 16:51:31,-29.95,-71.34,55.4,82,90,6.93
465,Abu Samrah,SY,2020-10-23 16:51:31,35.3,37.18,74.03,21,0,7.87
466,Santo Antonio Do Ica,BR,2020-10-23 16:51:31,-3.1,-67.94,84.52,85,96,2.28
467,Kiunga,PG,2020-10-23 16:51:32,-6.12,141.29,73.24,99,100,1.23
468,Bontang,ID,2020-10-23 16:50:06,0.13,117.5,78.67,87,100,6.98
469,Tulsipur,NP,2020-10-23 16:51:32,28.13,82.3,66.9,68,6,4.38
470,Payson,US,2020-10-23 16:51:32,40.04,-111.73,42.01,47,75,5.82
471,Almaznyy,RU,2020-10-23 16:51:32,48.04,40.05,59.0,82,0,13.42
472,Qaqortoq,GL,2020-10-23 16:51:32,60.72,-46.03,28.4,68,75,3.36
473,Dole,FR,2020-10-23 16:51:32,47.08,5.5,59.0,93,82,8.05
474,Derzhavinsk,KZ,2020-10-23 16:51:33,51.1,66.32,27.97,84,27,4.5
475,Constitucion,CL,2020-10-23 16:48:01,-35.33,-72.42,60.64,60,1,12.28
476,Smithers,CA,2020-10-23 16:51:33,54.78,-127.17,23.0,79,90,2.24
477,Oneida,US,2020-10-23 16:46:44,43.2,-75.47,73.99,64,1,8.05
478,Ginir,ET,2020-10-23 16:51:33,7.13,40.7,60.66,87,84,4.5
479,La Paz,BO,2020-10-23 16:49:31,-16.5,-68.15,57.2,50,40,9.17
480,Awbari,LY,2020-10-23 16:51:33,26.59,12.78,76.78,25,0,9.53
481,Richards Bay,ZA,2020-10-23 16:48:49,-28.78,32.04,70.65,78,0,11.39
482,Evensk,RU,2020-10-23 16:51:34,61.95,159.23,32.04,93,87,4.9
483,Mizdah,LY,2020-10-23 16:51:34,31.45,12.98,71.13,29,0,9.24
484,Pitsunda,GE,2020-10-23 16:51:34,43.16,40.34,59.0,87,34,6.71
485,Xihe,CN,2020-10-23 16:51:34,31.69,113.47,55.26,52,35,3.15
486,Itarema,BR,2020-10-23 16:51:35,-2.92,-39.92,87.06,58,71,18.97
487,Anaconda,US,2020-10-23 16:51:35,46.13,-112.94,15.8,78,1,4.59
488,Kahului,US,2020-10-23 16:50:25,20.89,-156.47,71.6,64,1,5.82
489,Mangai,CD,2020-10-23 16:51:35,-4.05,19.53,74.61,89,91,1.19
490,Laerdalsoyri,NO,2020-10-23 16:51:35,61.1,7.48,32.0,71,40,11.41
491,Bara,NG,2020-10-23 16:51:36,10.37,10.73,83.61,30,2,3.22
492,Maracacume,BR,2020-10-23 16:51:36,-2.04,-45.96,96.49,35,53,7.65
493,Ojinaga,MX,2020-10-23 16:51:36,29.57,-104.42,82.0,26,1,3.36
494,Mnogovershinnyy,RU,2020-10-23 16:51:36,53.94,139.92,38.43,100,100,13.24
495,Beckley,US,2020-10-23 16:50:40,37.78,-81.19,77.0,60,40,5.82
496,Dourdan,FR,2020-10-23 16:51:37,48.53,2.01,59.0,78,8,7.11
497,Balabac,PH,2020-10-23 16:51:37,7.99,117.06,83.07,78,100,15.88
498,Ciudad Bolivar,VE,2020-10-23 16:51:37,8.12,-63.55,94.28,43,11,6.38
499,Luan,CH,2020-10-23 16:51:37,46.36,6.98,55.99,95,100,1.99
500,Dong Hoi,VN,2020-10-23 16:51:37,17.48,106.6,70.9,69,100,9.69
501,Berlevag,NO,2020-10-23 16:51:37,70.86,29.09,41.0,75,75,39.15
502,Harper,LR,2020-10-23 16:51:37,4.38,-7.72,80.02,82,81,7.11
503,Vuktyl,RU,2020-10-23 16:48:49,63.86,57.31,18.72,96,39,6.71
504,Alghero,IT,2020-10-23 16:51:35,40.56,8.32,69.8,94,40,11.41
505,Hovd,MN,2020-10-23 16:51:38,48.01,91.64,37.45,69,100,0.51
506,Mago,RU,2020-10-23 16:51:38,53.25,140.18,47.26,89,100,14.5
507,Airai,TL,2020-10-23 16:51:38,-8.93,125.41,62.38,100,85,0.34
508,Solnechnyy,RU,2020-10-23 16:51:38,50.72,136.63,28.89,97,100,23.06
509,Petropavlovsk-Kamchatskiy,RU,2020-10-23 16:51:38,53.05,158.65,35.6,89,75,6.71
510,Nelidovo,RU,2020-10-23 16:51:39,56.22,32.78,49.64,86,70,10.63
511,Porto Walter,BR,2020-10-23 16:51:39,-8.27,-72.74,96.85,35,69,4.36
512,Marsh Harbour,BS,2020-10-23 16:50:46,26.54,-77.06,80.02,76,27,16.89
513,Dzilam Gonzalez,MX,2020-10-23 16:51:39,21.28,-88.93,88.59,63,20,3.53
514,Sumbawanga,TZ,2020-10-23 16:51:39,-7.97,31.62,75.2,44,20,4.7
515,Aracuai,BR,2020-10-23 16:51:39,-16.85,-42.07,75.09,72,99,5.32
516,Oktyabrskiy,RU,2020-10-23 16:51:40,54.48,53.47,37.24,93,100,10.58
517,Tazovskiy,RU,2020-10-23 16:51:40,67.47,78.7,19.4,97,97,6.93
518,Chapais,CA,2020-10-23 16:47:07,49.78,-74.85,32.0,100,90,10.29
519,Newport,GB,2020-10-23 16:51:40,51.59,-3.0,53.01,71,90,1.99
520,Arman,RU,2020-10-23 16:51:41,59.7,150.17,36.14,85,100,10.25
521,Yaan,NG,2020-10-23 16:51:41,7.38,8.57,79.77,86,94,4.94
522,Tres Arroyos,AR,2020-10-23 16:51:41,-38.37,-60.28,68.56,66,73,4.99
523,Hamilton,US,2020-10-23 16:51:41,39.18,-84.53,77.0,69,75,18.34
524,Enshi,CN,2020-10-23 16:51:42,30.3,109.48,59.05,76,95,0.81
525,Sao Joao Da Barra,BR,2020-10-23 16:49:41,-21.64,-41.05,82.4,45,75,11.41
526,Agirish,RU,2020-10-23 16:51:42,61.92,63.02,21.85,96,0,4.88
527,Saurikh,IN,2020-10-23 16:51:42,27.03,79.49,77.77,19,0,4.88
528,Robertsport,LR,2020-10-23 16:51:42,6.75,-11.37,81.14,79,78,8.97
529,Flin Flon,CA,2020-10-23 16:51:42,54.77,-101.86,23.0,79,75,9.17
530,Salina,US,2020-10-23 16:48:27,38.84,-97.61,39.99,69,90,19.46
531,Ereymentau,KZ,2020-10-23 16:51:43,51.62,73.1,26.94,95,100,15.46
532,Bayir,TR,2020-10-23 16:51:43,37.27,28.22,71.6,64,0,4.7
533,Yelizovo,RU,2020-10-23 16:51:43,53.19,158.38,35.6,82,75,6.71
534,Zyryanka,RU,2020-10-23 16:51:43,65.75,150.85,10.85,93,6,2.04
535,Texarkana,US,2020-10-23 16:51:43,33.43,-94.05,80.6,65,90,6.93
536,Mutis,CO,2020-10-23 16:51:43,6.23,-77.4,82.38,78,48,7.4
537,Nisia Floresta,BR,2020-10-23 16:51:44,-6.09,-35.21,84.2,70,75,17.22
538,Tuy Hoa,VN,2020-10-23 16:51:44,13.08,109.3,73.0,82,100,5.48
539,Villazon,BO,2020-10-23 16:51:44,-22.09,-65.59,63.01,30,6,2.33
540,Kaeo,NZ,2020-10-23 16:51:44,-35.1,173.78,60.01,96,59,3.74
541,Hornepayne,CA,2020-10-23 16:51:44,49.21,-84.77,33.35,89,100,10.94
542,Almendralejo,ES,2020-10-23 16:51:44,38.68,-6.41,63.0,73,52,1.99
543,Sayyan,YE,2020-10-23 16:51:44,15.17,44.32,58.78,30,1,8.86
544,Palatka,US,2020-10-23 16:49:55,29.65,-81.64,79.0,1,5,4.0
545,Moratuwa,LK,2020-10-23 16:51:45,6.77,79.88,79.54,86,35,7.47
546,General Roca,AR,2020-10-23 16:51:45,-39.03,-67.58,73.4,56,0,6.93
547,Wismar,DE,2020-10-23 16:51:45,53.9,11.47,54.0,92,100,1.99
548,Campoverde,PE,2020-10-23 16:51:45,-8.48,-74.81,80.6,78,75,2.24
549,Akim Swedru,GH,2020-10-23 16:51:45,5.89,-1.02,80.71,83,88,3.31
550,Beitbridge,ZW,2020-10-23 16:51:46,-22.22,30.0,84.0,33,0,10.51
551,Atar,MR,2020-10-23 16:51:46,20.52,-13.05,97.29,11,79,5.95
552,Hami,CN,2020-10-23 16:51:46,42.8,93.45,48.22,42,1,4.36
553,Blovstrod,DK,2020-10-23 16:51:46,55.87,12.39,52.0,94,38,6.91
554,Abha,SA,2020-10-23 16:48:37,18.22,42.51,71.6,17,0,8.05
555,Surgut,RU,2020-10-23 16:51:46,61.25,73.42,19.4,100,90,4.47
556,Tongren,CN,2020-10-23 16:51:46,27.72,109.19,59.41,71,68,3.13
557,Cabra,ES,2020-10-23 16:51:47,37.47,-4.44,66.99,54,31,5.97
558,Caiaponia,BR,2020-10-23 16:51:47,-16.96,-51.81,88.56,43,64,6.49
559,Bayanday,RU,2020-10-23 16:51:47,53.07,105.51,29.97,97,0,1.72
560,Hovin,NO,2020-10-23 16:51:47,63.11,10.22,36.0,86,26,4.92
561,Quatre Cocos,MU,2020-10-23 16:51:47,-20.21,57.76,75.2,69,40,11.41
562,Byron Bay,AU,2020-10-23 16:51:47,-28.65,153.62,69.8,83,100,10.29
563,Bako,ET,2020-10-23 16:51:47,5.78,36.57,65.93,82,92,4.29
564,Puerto Escondido,MX,2020-10-23 16:51:47,15.85,-97.07,84.2,66,40,2.24
565,Ambatondrazaka,MG,2020-10-23 16:51:48,-17.83,48.42,65.59,80,21,7.49
566,Kose,TR,2020-10-23 16:51:48,40.21,39.65,59.0,51,0,2.24
567,Kaunas,LT,2020-10-23 16:49:18,54.9,23.9,51.8,71,0,10.29
568,Kapit,MY,2020-10-23 16:51:48,2.02,112.93,73.71,95,100,2.21
569,Phillipsburg,US,2020-10-23 16:51:48,40.69,-75.19,66.99,88,76,1.99
570,Nabire,ID,2020-10-23 16:51:48,-3.37,135.48,75.6,87,86,3.2
571,San Alberto,CO,2020-10-23 16:51:49,7.76,-73.39,87.37,63,8,4.12
572,Skelleftea,SE,2020-10-23 16:49:46,64.75,20.95,33.01,92,0,9.17
573,Taltal,CL,2020-10-23 16:48:06,-25.4,-70.48,63.07,59,24,6.73
574,Qiyang,CN,2020-10-23 16:51:49,26.59,111.85,59.65,75,87,2.28
575,Guna,IN,2020-10-23 16:51:49,24.65,77.32,75.38,36,0,2.19
576,Atherton,GB,2020-10-23 16:51:49,53.52,-2.49,51.01,67,62,1.99
577,Muros,ES,2020-10-23 16:51:49,42.78,-9.06,61.0,77,94,11.01
578,Taraz,KZ,2020-10-23 16:51:49,42.9,71.37,44.6,65,90,4.47
579,Ayorou,NE,2020-10-23 16:51:50,14.73,0.92,98.8,9,0,15.21
580,Milkovo,RU,2020-10-23 16:51:50,54.72,158.62,30.6,96,57,1.66
581,Colares,PT,2020-10-23 16:51:50,38.8,-9.45,64.99,63,20,9.17
582,Lisakovsk,KZ,2020-10-23 16:48:11,52.54,62.49,29.59,86,33,5.28
583,Santa Cecilia,BR,2020-10-23 16:51:50,-26.96,-50.43,76.68,43,54,4.99
584,Udachnyy,RU,2020-10-23 16:51:50,66.42,112.4,23.0,62,90,17.9
585,Banda Aceh,ID,2020-10-23 16:48:44,5.56,95.32,81.27,75,99,6.11
586,Tarbagatay,RU,2020-10-23 16:51:51,51.48,107.36,24.8,85,0,2.24
587,Archidona,ES,2020-10-23 16:51:51,37.1,-4.39,73.0,57,27,8.99
588,Ngama,TD,2020-10-23 16:51:51,11.78,17.17,89.35,31,21,6.51
589,Lakes Entrance,AU,2020-10-23 16:51:51,-37.88,147.98,62.01,97,100,3.67
590,Savalou,BJ,2020-10-23 16:51:51,7.93,1.98,85.78,58,64,2.3
591,Menongue,AO,2020-10-23 16:51:51,-14.66,17.69,79.72,32,51,5.99
592,Duldurga,RU,2020-10-23 16:51:52,50.68,113.59,30.25,89,5,0.98
593,Parana,AR,2020-10-23 16:51:52,-31.73,-60.52,79.0,66,99,5.99
594,Carnot,CF,2020-10-23 16:51:52,4.94,15.87,75.04,87,99,3.51
